route_id,month,scheduled_flights,operated_flights,cancelled_flights,on_time_flights,delayed_15_45_min,delayed_45_90_min,delayed_90plus_min,otp_pct,cancellation_pct,avg_load_factor,passengers,avg_total_fare_inr,revenue_inr,atf_price_per_liter,fuel_consumed_liters,fuel_cost_inr,total_op_cost_inr,operating_profit_inr,profit_margin_pct,available_seat_km,revenue_pax_km
DEL-BOM,2024-01-01,682,664,18,477,117,56,14,71.84,2.64,0.9072,108427,8855.0,960170593,94.31,3359013,316797553,833677771,126492822,13.17,167328000,151797800
DEL-BOM,2024-02-01,638,621,17,467,85,50,19,75.2,2.66,0.8844,98854,8449.0,835248466,93.63,3015558,282358903,743049745,92198721,11.04,156492000,138395600
DEL-BOM,2024-03-01,682,668,14,468,119,55,26,70.06,2.05,0.8678,104350,8108.0,846059220,92.05,3280087,301936593,794569982,51489238,6.09,168336000,146090000
DEL-BOM,2024-04-01,660,643,17,448,111,57,27,69.67,2.58,0.8635,99938,8144.0,813942440,92.49,3119930,288558389,759364182,54578258,6.71,162036000,139913200
DEL-BOM,2024-05-01,682,665,17,449,134,62,20,67.52,2.49,0.8998,107711,8593.0,925512520,89.25,3372593,301016847,792149597,133362923,14.41,167580000,150795400
DEL-BOM,2024-06-01,660,632,28,374,150,75,33,59.18,4.24,0.8341,94883,7937.0,753122976,89.66,3180044,285114760,750302000,2820976,0.37,159264000,132836200
DEL-BOM,2024-07-01,682,648,34,378,151,72,47,58.33,4.99,0.8386,97816,7413.0,725147617,87.56,3163595,277001585,728951539,-3803922,-0.52,163296000,136942400
DEL-BOM,2024-08-01,682,654,28,403,145,74,32,61.62,4.11,0.8339,98165,7308.0,717342509,87.89,3331872,292844675,770643882,-53301373,-7.43,164808000,137431000
DEL-BOM,2024-09-01,660,640,20,428,117,67,28,66.88,3.03,0.8724,100497,8077.0,811669183,91.15,3087034,281367788,740441547,71227636,8.78,161280000,140695800
DEL-BOM,2024-10-01,682,670,12,493,113,53,11,73.58,1.76,0.8842,106641,8371.0,892741717,92.65,3281713,304055543,800146166,92595551,10.37,168840000,149297400
DEL-BOM,2024-11-01,660,647,13,485,103,47,12,74.96,1.97,0.9043,105319,8938.0,941304766,93.08,3214425,299211229,787397971,153906795,16.35,163044000,147446600
DEL-BOM,2024-12-01,682,664,18,474,114,54,22,71.39,2.64,0.931,111278,9630.0,1071587820,94.96,3288490,312277622,821783216,249804604,23.31,167328000,155789200
DEL-BLR,2024-01-01,496,484,12,351,79,41,13,72.52,2.42,0.9003,78434,9496.0,744775534,94.1,2982334,280633437,738509045,6266489,0.84,151588800,136475160
DEL-BLR,2024-02-01,464,453,11,337,73,31,12,74.39,2.37,0.8912,72666,8883.0,645509554,93.97,2805783,263673222,693876900,-48367346,-7.49,141879600,126438840
DEL-BLR,2024-03-01,496,487,9,353,77,38,19,72.48,1.81,0.8836,77452,7920.0,613403236,92.01,2948250,271265075,713855461,-100452225,-16.38,152528400,134766480
DEL-BLR,2024-04-01,480,471,9,327,81,40,23,69.43,1.88,0.8681,73595,8087.0,595172976,92.72,2884261,267438027,703784282,-108611306,-18.25,147517200,128055300
DEL-BLR,2024-05-01,496,483,13,328,100,42,13,67.91,2.62,0.877,76244,8771.0,668764800,90.08,2840953,255909606,673446332,-4681532,-0.7,151275600,132664560
DEL-BLR,2024-06-01,480,461,19,298,90,44,29,64.64,3.96,0.8477,70341,7433.0,522821839,89.74,2787285,250134406,658248437,-135426598,-25.9,144385200,122393340
DEL-BLR,2024-07-01,496,470,26,278,110,59,23,59.15,5.24,0.8568,72488,7560.0,548002334,86.68,2849604,246999455,649998566,-101996232,-18.61,147204000,126129120
DEL-BLR,2024-08-01,496,477,19,282,108,58,29,59.12,3.83,0.8114,69666,7653.0,533144045,88.25,2829466,249714098,657142363,-123998318,-23.26,149396400,121218840
DEL-BLR,2024-09-01,480,465,15,318,95,38,14,68.39,3.12,0.8506,71195,8174.0,581917761,90.14,2876943,259334405,682458961,-100541200,-17.28,145638000,123879300
DEL-BLR,2024-10-01,496,485,11,350,85,40,10,72.16,2.22,0.8707,76013,8223.0,625078454,92.95,3004182,279231829,734820603,-109742149,-17.56,151902000,132262620
DEL-BLR,2024-11-01,480,471,9,349,71,34,17,74.1,1.88,0.9063,76833,9026.0,693503519,93.84,2897401,271885121,715487161,-21983642,-3.17,147517200,133689420
DEL-BLR,2024-12-01,496,484,12,336,84,48,16,69.42,2.42,0.9335,81328,9388.0,763503861,94.63,2868607,271452032,714347453,49156408,6.44,151588800,141510720
DEL-MAA,2024-01-01,372,361,11,262,61,27,11,72.58,2.96,0.8983,58372,8732.0,509721768,95.13,2216351,210840734,554844037,-45122269,-8.85,114364800,102734720
DEL-MAA,2024-02-01,348,339,9,253,53,25,8,74.63,2.59,0.8871,54128,8207.0,444222661,92.6,2019446,186994664,492091221,-47868560,-10.78,107395200,95265280
DEL-MAA,2024-03-01,372,365,7,268,62,29,6,73.42,1.88,0.8802,57826,8003.0,462777747,92.96,2207259,205193037,539981676,-77203929,-16.68,115632000,101773760
DEL-MAA,2024-04-01,360,351,9,241,64,28,18,68.66,2.5,0.8571,54155,8064.0,436732661,92.79,2181386,202402033,532636929,-95904268,-21.96,111196800,95312800
DEL-MAA,2024-05-01,372,363,9,251,62,36,14,69.15,2.42,0.9057,59177,8929.0,528411638,90.04,2242666,201933542,531404058,-2992420,-0.57,114998400,104151520
DEL-MAA,2024-06-01,360,347,13,204,91,39,13,58.79,3.61,0.8526,53251,7638.0,406704820,88.5,2124042,187984958,494697258,-87992438,-21.64,109929600,93721760
DEL-MAA,2024-07-01,372,355,17,207,91,49,8,58.31,4.57,0.8407,53721,7434.0,399353852,86.89,2178777,189304399,498169471,-98815619,-24.74,112464000,94548960
DEL-MAA,2024-08-01,372,355,17,219,80,37,19,61.69,4.57,0.8362,53432,7512.0,401397828,88.61,2201002,195033052,513244874,-111847046,-27.86,112464000,94040320
DEL-MAA,2024-09-01,360,348,12,250,62,30,6,71.84,3.33,0.8714,54588,7864.0,429276454,90.92,2084935,189564611,498854239,-69577785,-16.21,110246400,96074880
DEL-MAA,2024-10-01,372,365,7,269,58,24,14,73.7,1.88,0.9178,60298,8060.0,486000135,91.31,2220285,202725759,533488839,-47488704,-9.77,115632000,106124480
DEL-MAA,2024-11-01,360,354,6,264,51,26,13,74.58,1.67,0.8914,56801,8529.0,484457696,94.14,2088416,196611164,517397800,-32940104,-6.8,112147200,99969760
DEL-MAA,2024-12-01,372,362,10,246,70,35,11,67.96,2.69,0.9057,59015,9653.0,569653410,95.35,2159986,205952858,541981205,27672205,4.86,114681600,103866400
DEL-HYD,2024-01-01,434,424,10,305,66,39,14,71.93,2.3,0.9161,69914,6969.0,487221436,95.19,1829030,174110129,458184550,29036886,5.96,95400000,87392500
DEL-HYD,2024-02-01,406,398,8,291,65,33,9,73.12,1.97,0.8749,62676,6871.0,430663126,93.93,1776196,166845709,439067655,-8404529,-1.95,89550000,78345000
DEL-HYD,2024-03-01,434,423,11,315,64,29,15,74.47,2.53,0.8952,68161,6060.0,413059755,91.23,1818326,165892908,436560284,-23500529,-5.69,95175000,85201250
DEL-HYD,2024-04-01,420,410,10,292,70,30,18,71.22,2.38,0.8311,61336,6014.0,368847822,91.58,1796840,164555487,433040755,-64192933,-17.4,92250000,76670000
DEL-HYD,2024-05-01,434,421,13,277,88,37,19,65.8,3.0,0.9173,69513,6827.0,474545259,88.95,1892022,168297836,442889042,31656217,6.67,94725000,86891250
DEL-HYD,2024-06-01,420,404,16,249,86,47,22,61.63,3.81,0.8508,61873,6056.0,374704605,89.19,1785650,159265247,419119071,-44414466,-11.85,90900000,77341250
DEL-HYD,2024-07-01,434,411,23,231,107,53,20,56.2,5.3,0.8382,62008,5931.0,367771978,88.27,1852382,163510970,430292026,-62520048,-17.0,92475000,77510000
DEL-HYD,2024-08-01,434,415,19,245,95,47,28,59.04,4.38,0.8229,61473,5608.0,344758207,88.88,1847555,164210100,432131842,-87373635,-25.34,93375000,76841250
DEL-HYD,2024-09-01,420,405,15,269,85,43,8,66.42,3.57,0.8501,61969,6166.0,382113080,89.95,1814807,163245256,429592779,-47479699,-12.43,91125000,77461250
DEL-HYD,2024-10-01,434,425,9,315,65,34,11,74.12,2.07,0.8966,68587,6686.0,458598377,92.64,1862033,172495471,453935450,4662927,1.02,95625000,85733750
DEL-HYD,2024-11-01,420,411,9,305,59,34,13,74.21,2.14,0.9157,67741,6599.0,446997020,93.62,1851316,173314285,456090224,-9093204,-2.03,92475000,84676250
DEL-HYD,2024-12-01,434,422,12,290,85,39,8,68.72,2.76,0.9202,69897,7351.0,513836615,96.87,1837712,178026347,468490387,45346228,8.83,94950000,87371250
DEL-CCU,2024-01-01,310,301,9,220,51,25,5,73.09,2.9,0.9099,49296,7813.0,385164342,93.78,1494378,140146051,368805397,16358945,4.25,70434000,64084800
DEL-CCU,2024-02-01,290,283,7,209,43,19,12,73.85,2.41,0.895,45589,7722.0,352054189,92.75,1367324,126817962,333731479,18322710,5.2,66222000,59265700
DEL-CCU,2024-03-01,310,304,6,220,47,27,10,72.37,1.94,0.8743,47844,7033.0,336504820,91.99,1548738,142461656,374899095,-38394275,-11.41,71136000,62197200
DEL-CCU,2024-04-01,300,295,5,200,60,31,4,67.8,1.67,0.8614,45739,7283.0,333115936,92.23,1465367,135149688,355657074,-22541138,-6.77,69030000,59460700
DEL-CCU,2024-05-01,310,301,9,204,54,28,15,67.77,2.9,0.8998,48750,7595.0,370279214,89.87,1455873,130837957,344310413,25968801,7.01,70434000,63375000
DEL-CCU,2024-06-01,300,288,12,172,72,34,10,59.72,4.0,0.8487,43996,6634.0,291881982,89.82,1457128,130881232,344424295,-52542313,-18.0,67392000,57194800
DEL-CCU,2024-07-01,310,295,15,171,69,36,19,57.97,4.84,0.8403,44620,6668.0,297540549,88.2,1477401,130304402,342906321,-45365772,-15.25,69030000,58006000
DEL-CCU,2024-08-01,310,295,15,174,74,39,8,58.98,4.84,0.8563,45468,6556.0,298093735,87.55,1432925,125457400,330151053,-32057318,-10.75,69030000,59108400
DEL-CCU,2024-09-01,300,292,8,190,62,26,14,65.07,2.67,0.8641,45417,6869.0,311956493,91.9,1472614,135334606,356143700,-44187207,-14.16,68328000,59042100
DEL-CCU,2024-10-01,310,305,5,228,49,24,4,74.75,1.61,0.8742,47991,7760.0,372392744,94.27,1542910,145442669,382743866,-10351122,-2.78,71370000,62388300
DEL-CCU,2024-11-01,300,294,6,213,53,21,7,72.45,2.0,0.8794,46540,8015.0,373037046,94.68,1485173,140620781,370054687,2982359,0.8,68796000,60502000
DEL-CCU,2024-12-01,310,302,8,214,52,24,12,70.86,2.58,0.9301,50558,8811.0,445446381,95.24,1534793,146169978,384657837,60788544,13.65,70668000,65725400
BOM-BLR,2024-01-01,434,424,10,309,68,30,17,72.88,2.3,0.9114,69561,7185.0,499766028,94.91,1413615,134168392,353074716,146691312,29.35,64108800,58431240
BOM-BLR,2024-02-01,406,399,7,303,54,29,13,75.94,1.72,0.9086,65257,6947.0,453352668,93.29,1344523,125433965,330089382,123263286,27.19,60328800,54815880
BOM-BLR,2024-03-01,434,423,11,320,66,29,8,75.65,2.53,0.8877,67593,6704.0,453122438,92.89,1371860,127438805,335365276,117757162,25.99,63957600,56778120
BOM-BLR,2024-04-01,420,409,11,276,78,38,17,67.48,2.62,0.8668,63811,6467.0,412680399,92.97,1372671,127622760,335849368,76831031,18.62,61840800,53601240
BOM-BLR,2024-05-01,434,421,13,278,91,47,5,66.03,3.0,0.8796,66653,7117.0,474346629,90.06,1429315,128717765,338730961,135615668,28.59,63655200,55988520
BOM-BLR,2024-06-01,420,406,14,247,98,43,18,60.84,3.33,0.8544,62439,5964.0,372401711,88.75,1327394,117803690,310009711,62392000,16.75,61387200,52448760
BOM-BLR,2024-07-01,434,413,21,245,104,44,20,59.32,4.84,0.8336,61973,5829.0,361264071,87.17,1329267,115866491,304911818,56352253,15.6,62445600,52057320
BOM-BLR,2024-08-01,434,416,18,243,99,48,26,58.41,4.15,0.8536,63916,5829.0,372563383,88.23,1397462,123295572,324462032,48101351,12.91,62899200,53689440
BOM-BLR,2024-09-01,420,407,13,270,87,44,6,66.34,3.1,0.8587,62905,6479.0,407556044,90.22,1363106,122983818,323641626,83914418,20.59,61538400,52840200
BOM-BLR,2024-10-01,434,426,8,312,67,33,14,73.24,1.84,0.8718,66851,6780.0,453224302,93.89,1426674,133955414,352514247,100710055,22.22,64411200,56154840
BOM-BLR,2024-11-01,420,412,8,303,66,32,11,73.54,1.9,0.8985,66630,7022.0,467894257,92.84,1338592,124268948,327023547,140870710,30.11,62294400,55969200
BOM-BLR,2024-12-01,434,424,10,284,77,39,24,66.98,2.3,0.9222,70385,7582.0,533667741,94.33,1431986,135086058,355489626,178178115,33.39,64108800,59123400
BOM-MAA,2024-01-01,372,361,11,279,52,24,6,77.29,2.96,0.8809,57243,6308.0,361061243,93.81,1410317,132303209,348166339,12894904,3.57,66279600,58387860
BOM-MAA,2024-02-01,348,341,7,265,44,21,11,77.71,2.01,0.8711,53469,5848.0,312681015,94.73,1351173,127993285,336824434,-24143419,-7.72,62607600,54538380
BOM-MAA,2024-03-01,372,366,6,285,45,21,15,77.87,1.61,0.8422,55484,5485.0,304325861,91.41,1390931,127145420,334593211,-30267350,-9.95,67197600,56593680
BOM-MAA,2024-04-01,360,352,8,256,57,32,7,72.73,2.22,0.8371,53041,5717.0,303232351,91.67,1384920,126961086,334108121,-30875770,-10.18,64627200,54101820
BOM-MAA,2024-05-01,372,363,9,265,56,30,12,73.0,2.42,0.8712,56924,6125.0,348653221,90.7,1379101,125085991,329173661,19479560,5.59,66646800,58062480
BOM-MAA,2024-06-01,360,346,14,228,69,34,15,65.9,3.89,0.8005,49853,5059.0,252214097,89.54,1340941,120065803,315962639,-63748542,-25.28,63525600,50850060
BOM-MAA,2024-07-01,372,353,19,210,81,41,21,59.49,5.11,0.8022,50970,5037.0,256750277,87.84,1329239,116757588,307256811,-50506534,-19.67,64810800,51989400
BOM-MAA,2024-08-01,372,355,17,224,75,40,16,63.1,4.57,0.8064,51526,5150.0,265372405,89.35,1359521,121477626,319677963,-54305558,-20.46,65178000,52556520
BOM-MAA,2024-09-01,360,347,13,242,66,34,5,69.74,3.61,0.8345,52120,5583.0,290993917,89.92,1310399,117826900,310070789,-19076872,-6.56,63709200,53162400
BOM-MAA,2024-10-01,372,364,8,283,49,26,6,77.75,2.15,0.8641,56613,5662.0,320517618,92.47,1373119,126972998,334139468,-13621850,-4.25,66830400,57745260
BOM-MAA,2024-11-01,360,353,7,270,51,24,8,76.49,1.94,0.8805,55944,5923.0,331333787,93.34,1384866,129262258,340163837,-8830050,-2.67,64810800,57062880
BOM-MAA,2024-12-01,372,365,7,261,62,29,13,71.51,1.88,0.9002,59145,6527.0,386045844,96.54,1438940,138916922,365570847,20474997,5.3,67014000,60327900
BOM-HYD,2024-01-01,310,301,9,219,53,25,4,72.76,2.9,0.8623,46717,5454.0,254791349,95.42,842353,80373114,211508195,43283154,16.99,38467800,33169070
BOM-HYD,2024-02-01,290,283,7,230,34,17,2,81.27,2.41,0.8545,43528,5197.0,226227156,92.52,789641,73057684,192257063,33970093,15.02,36167400,30904880
BOM-HYD,2024-03-01,310,304,6,232,45,23,4,76.32,1.94,0.8625,47193,4887.0,230626628,91.39,853378,77991911,205241871,25384757,11.01,38851200,33507030
BOM-HYD,2024-04-01,300,294,6,213,51,21,9,72.45,2.0,0.8491,44934,5027.0,225881351,91.66,815347,74736555,196675145,29206206,12.93,37573200,31903140
BOM-HYD,2024-05-01,310,302,8,226,44,21,11,74.83,2.58,0.8487,46133,5443.0,251120563,91.3,852788,77856846,204886437,46234126,18.41,38595600,32754430
BOM-HYD,2024-06-01,300,288,12,182,64,32,10,63.19,4.0,0.8213,42577,4754.0,202395137,90.08,812077,73152394,192506300,9888837,4.89,36806400,30229670
BOM-HYD,2024-07-01,310,296,14,186,67,33,10,62.84,4.52,0.8291,44175,4735.0,209169203,87.39,834785,72952719,191980839,17188364,8.22,37828800,31364250
BOM-HYD,2024-08-01,310,298,12,190,70,34,4,63.76,3.87,0.8007,42948,4662.0,200214721,89.08,814534,72554904,190933958,9280763,4.64,38084400,30493080
BOM-HYD,2024-09-01,300,290,10,201,56,22,11,69.31,3.33,0.8179,42692,4850.0,207076163,89.08,817590,72827741,191651950,15424213,7.45,37062000,30311320
BOM-HYD,2024-10-01,310,305,5,232,46,21,6,76.07,1.61,0.8569,47043,5051.0,237595212,91.6,822464,75335634,198251668,39343544,16.56,38979000,33400530
BOM-HYD,2024-11-01,300,297,3,228,44,19,6,76.77,1.0,0.8922,47696,5147.0,245508994,94.5,824764,77941231,205108503,40400491,16.46,37956600,33864160
BOM-HYD,2024-12-01,310,302,8,215,49,29,9,71.19,2.58,0.9309,50603,5773.0,292125522,95.25,842956,80289346,211287753,80837769,27.67,38595600,35928130
DEL-AMD,2024-01-01,248,242,6,183,34,16,9,75.62,2.42,0.8796,38316,5211.0,199660496,94.07,777790,73163019,192534261,7126235,3.57,38768400,34101240
DEL-AMD,2024-02-01,232,227,5,182,27,13,5,80.18,2.16,0.875,35751,4761.0,170209242,91.54,734804,67264904,177012905,-6803663,-4.0,36365400,31818390
DEL-AMD,2024-03-01,248,244,4,185,36,17,6,75.82,1.61,0.8612,37825,4480.0,169450429,92.82,791768,73489724,193394011,-23943582,-14.13,39088800,33664250
DEL-AMD,2024-04-01,240,234,6,169,36,17,12,72.22,2.5,0.8337,35116,4616.0,162085686,92.79,760069,70527942,185599847,-23514161,-14.51,37486800,31253240
DEL-AMD,2024-05-01,248,242,6,173,43,22,4,71.49,2.42,0.8657,37709,5108.0,192608972,91.03,784464,71407768,187915179,4693793,2.44,38768400,33561010
DEL-AMD,2024-06-01,240,230,10,148,45,21,16,64.35,4.17,0.8239,34110,4293.0,146428920,88.5,776882,68753365,180929908,-34500988,-23.56,36846000,30357900
DEL-AMD,2024-07-01,248,236,12,150,50,24,12,63.56,4.84,0.7913,33615,4266.0,143399990,88.28,774567,68382499,179953945,-36553955,-25.49,37807200,29917350
DEL-AMD,2024-08-01,248,239,9,159,46,26,8,66.53,3.63,0.7935,34135,4398.0,150123259,88.52,788105,69762510,183585553,-33462294,-22.29,38287800,30380150
DEL-AMD,2024-09-01,240,232,8,163,41,17,11,70.26,3.33,0.8337,34815,4512.0,157073712,89.03,754478,67172584,176769958,-19696246,-12.54,37166400,30985350
DEL-AMD,2024-10-01,248,243,5,189,35,16,3,77.78,2.02,0.8535,37333,4615.0,172294110,92.18,821834,75754485,199353908,-27059798,-15.71,38928600,33226370
DEL-AMD,2024-11-01,240,236,4,178,33,17,8,75.42,1.67,0.8823,37482,4828.0,180958738,93.98,755950,71042728,186954547,-5995809,-3.31,37807200,33358980
DEL-AMD,2024-12-01,248,241,7,179,38,19,5,74.27,2.82,0.8779,38084,5528.0,210541836,94.18,773682,72862538,191743521,18798315,8.93,38608200,33894760
DEL-PNQ,2024-01-01,248,241,7,181,33,18,9,75.1,2.82,0.8727,37856,6901.0,261256764,93.37,1182619,110426660,290596474,-29339710,-11.23,60732000,52998400
DEL-PNQ,2024-02-01,232,228,4,181,29,14,4,79.39,1.72,0.8659,35537,6753.0,239994021,93.35,1109297,103550511,272501345,-32507324,-13.55,57456000,49751800
DEL-PNQ,2024-03-01,248,243,5,188,33,16,6,77.37,2.02,0.8638,37782,6107.0,230718358,91.24,1172187,106947363,281440429,-50722071,-21.98,61236000,52894800
DEL-PNQ,2024-04-01,240,235,5,180,34,16,5,76.6,2.08,0.8485,35891,6323.0,226935615,91.95,1176839,108210377,284764150,-57828535,-25.48,59220000,50247400
DEL-PNQ,2024-05-01,248,241,7,168,43,19,11,69.71,2.82,0.8691,37702,6653.0,250834519,90.6,1195949,108348839,285128524,-34294005,-13.67,60732000,52782800
DEL-PNQ,2024-06-01,240,230,10,152,49,24,5,66.09,4.17,0.83,34362,5733.0,196992007,89.87,1137778,102249087,269076545,-72084538,-36.59,57960000,48106800
DEL-PNQ,2024-07-01,248,236,12,147,51,26,12,62.29,4.84,0.797,33858,5914.0,200243109,88.64,1201217,106478905,280207645,-79964536,-39.93,59472000,47401200
DEL-PNQ,2024-08-01,248,238,10,155,53,26,4,65.13,4.03,0.8113,34754,5571.0,193605051,87.79,1184905,104019450,273735395,-80130344,-41.39,59976000,48655600
DEL-PNQ,2024-09-01,240,232,8,161,40,22,9,69.4,3.33,0.8451,35290,5835.0,205910315,89.68,1135673,101852054,268031721,-62121406,-30.17,58464000,49406000
DEL-PNQ,2024-10-01,248,242,6,189,31,16,6,78.1,2.42,0.8632,37601,6361.0,239185185,93.51,1163717,108821160,286371474,-47186289,-19.73,60984000,52641400
DEL-PNQ,2024-11-01,240,236,4,185,33,16,2,78.39,1.67,0.8638,36694,6684.0,245270819,94.73,1177137,111507219,293440050,-48169231,-19.64,59472000,51371600
DEL-PNQ,2024-12-01,248,242,6,182,36,19,5,75.21,2.42,0.895,38984,7388.0,288016289,94.97,1182608,112317689,295572866,-7556577,-2.62,60984000,54577600
DEL-GOI,2024-01-01,186,182,4,136,25,12,9,74.73,2.15,0.8796,28815,10165.0,292906069,94.69,1214148,114964483,302538113,-9632044,-3.29,62244000,54748500
DEL-GOI,2024-02-01,174,170,4,132,24,11,3,77.65,2.3,0.8465,25904,10071.0,260872810,93.51,1103936,103224560,271643579,-10770769,-4.13,58140000,49217600
DEL-GOI,2024-03-01,186,182,4,141,25,12,4,77.47,2.15,0.8423,27595,9009.0,248601766,91.38,1178601,107694905,283407645,-34805879,-14.0,62244000,52430500
DEL-GOI,2024-04-01,180,176,4,133,24,14,5,75.57,2.22,0.857,27151,9167.0,248880371,91.94,1137478,104583598,275219995,-26339624,-10.58,60192000,51586900
DEL-GOI,2024-05-01,186,181,5,132,28,14,7,72.93,2.69,0.8886,28950,9649.0,279338738,91.54,1221655,111826270,294279658,-14940920,-5.35,61902000,55005000
DEL-GOI,2024-06-01,180,173,7,111,40,20,2,64.16,3.89,0.8234,25642,8656.0,221961909,89.77,1145284,102809356,270550937,-48589028,-21.89,59166000,48719800
DEL-GOI,2024-07-01,186,177,9,108,41,19,9,61.02,4.84,0.8096,25794,8080.0,208410457,89.24,1148587,102494903,269723429,-61312972,-29.42,60534000,49008600
DEL-GOI,2024-08-01,186,178,8,115,40,18,5,64.61,4.3,0.8303,26604,8675.0,230779436,87.78,1164072,102176775,268886250,-38106814,-16.51,60876000,50547600
DEL-GOI,2024-09-01,180,174,6,127,27,15,5,72.99,3.33,0.8371,26218,9083.0,238132619,91.29,1173708,107144239,281958524,-43825905,-18.4,59508000,49814200
DEL-GOI,2024-10-01,186,182,4,143,24,12,3,78.57,2.15,0.8766,28717,9241.0,265360584,93.32,1228650,114656350,301727237,-36366653,-13.7,62244000,54562300
DEL-GOI,2024-11-01,180,177,3,137,23,12,5,77.4,1.67,0.8744,27859,10045.0,279843506,93.29,1168723,109024710,286907132,-7063626,-2.52,60534000,52932100
DEL-GOI,2024-12-01,186,181,5,132,30,13,6,72.93,2.69,0.9077,29574,11170.0,330329303,96.93,1166430,113062764,297533589,32795714,9.93,61902000,56190600
DEL-COK,2024-01-01,186,181,5,142,25,11,3,78.45,2.69,0.8873,28908,13594.0,392962023,94.65,1634585,154712305,407137645,-14175622,-3.61,86337000,76606200
DEL-COK,2024-02-01,174,170,4,133,21,11,5,78.24,2.3,0.8616,26365,13097.0,345289559,92.64,1506853,139594716,367354516,-22064957,-6.39,81090000,69867250
DEL-COK,2024-03-01,186,183,3,142,26,10,5,77.6,1.61,0.8688,28618,12795.0,366164688,91.75,1605173,147270449,387553813,-21389125,-5.84,87291000,75837700
DEL-COK,2024-04-01,180,177,3,125,29,16,7,70.62,1.67,0.8277,26372,11937.0,314812914,92.97,1574469,146373164,385192537,-70379623,-22.36,84429000,69885800
DEL-COK,2024-05-01,186,182,4,133,32,13,4,73.08,2.15,0.8778,28757,13562.0,390012276,90.02,1614912,145375443,382566955,7445321,1.91,86814000,76206050
DEL-COK,2024-06-01,180,174,6,111,41,18,4,63.79,3.33,0.8171,25592,11431.0,292554078,89.78,1488124,133606220,351595316,-59041238,-20.18,82998000,67818800
DEL-COK,2024-07-01,186,178,8,114,41,18,5,64.04,4.3,0.8141,26084,11688.0,304868427,88.17,1598804,140959198,370945258,-66076831,-21.67,84906000,69122600
DEL-COK,2024-08-01,186,178,8,117,34,15,12,65.73,4.3,0.8024,25708,11844.0,304497761,88.77,1564663,138890758,365501995,-61004234,-20.03,84906000,68126200
DEL-COK,2024-09-01,180,174,6,127,27,14,6,72.99,3.33,0.8315,26044,11867.0,309052960,89.86,1558537,140042589,368533129,-59480169,-19.25,82998000,69016600
DEL-COK,2024-10-01,186,183,3,138,25,12,8,75.41,1.61,0.8546,28150,13104.0,368878202,90.86,1590270,144493358,380245679,-11367477,-3.08,87291000,74597500
DEL-COK,2024-11-01,180,176,4,137,24,10,5,77.84,2.22,0.8584,27194,13114.0,356613376,93.56,1594025,149139898,392473416,-35860040,-10.06,83952000,72064100
DEL-COK,2024-12-01,186,181,5,129,32,16,4,71.27,2.69,0.8973,29236,14742.0,431010202,95.22,1594493,151830029,399552708,31457494,7.3,86337000,77475400
DEL-JAI,2024-01-01,310,302,8,226,42,19,15,74.83,2.58,0.848,46096,3909.0,180189628,94.28,671953,63348450,166706447,13483181,7.48,14133600,11984960
DEL-JAI,2024-02-01,290,284,6,224,34,16,10,78.87,2.07,0.8568,43799,3534.0,154803131,93.94,641153,60229725,158499276,-3696145,-2.39,13291200,11387740
DEL-JAI,2024-03-01,310,304,6,231,45,23,5,75.99,1.94,0.8407,46005,3447.0,158586081,92.31,681433,62901811,165531082,-6945001,-4.38,14227200,11961300
DEL-JAI,2024-04-01,300,292,8,217,45,23,7,74.32,2.67,0.8408,44194,3306.0,146084768,92.56,625454,57890977,152344676,-6259908,-4.29,13665600,11490440
DEL-JAI,2024-05-01,310,303,7,216,55,23,9,71.29,2.26,0.8563,46701,3828.0,178771112,89.64,666528,59748263,157232271,21538841,12.05,14180400,12142260
DEL-JAI,2024-06-01,300,286,14,188,56,32,10,65.73,4.67,0.8005,41207,3162.0,130301537,89.6,636004,56983430,149956395,-19654858,-15.08,13384800,10713820
DEL-JAI,2024-07-01,310,295,15,176,76,37,6,59.66,4.84,0.7842,41641,3129.0,130292764,89.06,643978,57352159,150926734,-20633970,-15.84,13806000,10826660
DEL-JAI,2024-08-01,310,297,13,195,61,31,10,65.66,4.19,0.7929,42391,3307.0,140174655,88.17,650331,57339160,150892526,-10717871,-7.65,13899600,11021660
DEL-JAI,2024-09-01,300,290,10,196,60,25,9,67.59,3.33,0.8277,43207,3410.0,147354751,91.5,623896,57089025,150234276,-2879525,-1.95,13572000,11233820
DEL-JAI,2024-10-01,310,303,7,238,37,17,11,78.55,2.26,0.8397,45797,3527.0,161535295,93.74,681429,63875916,168094516,-6559221,-4.06,14180400,11907220
DEL-JAI,2024-11-01,300,294,6,214,47,24,9,72.79,2.0,0.8457,44752,3847.0,172171974,92.7,637414,59090996,155502621,16669353,9.68,13759200,11635520
DEL-JAI,2024-12-01,310,303,7,226,48,20,9,74.59,2.26,0.8794,47964,4053.0,194377943,95.58,649542,62084285,163379697,30998246,15.95,14180400,12470640
BOM-GOI,2024-01-01,310,302,8,224,46,25,7,74.17,2.58,0.8413,45734,5233.0,239306922,94.16,672643,63334389,166669445,72637477,30.35,24462000,20580300
BOM-GOI,2024-02-01,290,284,6,220,35,20,9,77.46,2.07,0.8361,42743,5031.0,215031684,94.86,636259,60356418,158832679,56199005,26.14,23004000,19234350
BOM-GOI,2024-03-01,310,303,7,234,39,18,12,77.23,2.26,0.8291,45221,4668.0,211073993,91.77,684062,62776522,165201374,45872619,21.73,24543000,20349450
BOM-GOI,2024-04-01,300,293,7,216,45,22,10,73.72,2.33,0.831,43827,4543.0,199127497,92.68,645203,59795602,157356847,41770650,20.98,23733000,19722150
BOM-GOI,2024-05-01,310,300,10,215,48,21,16,71.67,3.23,0.8633,46618,4920.0,229350645,89.27,666868,59530023,156657955,72692690,31.7,24300000,20978100
BOM-GOI,2024-06-01,300,289,11,196,59,25,9,67.82,3.67,0.8104,42159,4474.0,188604976,89.9,642791,57784690,152064974,36540002,19.37,23409000,18971550
BOM-GOI,2024-07-01,310,293,17,181,71,33,8,61.77,5.48,0.8033,42364,4128.0,174875243,88.75,650745,57753374,151982563,22892680,13.09,23733000,19063800
BOM-GOI,2024-08-01,310,295,15,184,62,34,15,62.37,4.84,0.7792,41377,4399.0,182005370,88.46,659996,58385233,153645350,28360020,15.58,23895000,18619650
BOM-GOI,2024-09-01,300,289,11,204,54,24,7,70.59,3.67,0.8243,42879,4574.0,196125885,89.42,645806,57746625,151964803,44161082,22.52,23409000,19295550
BOM-GOI,2024-10-01,310,304,6,243,39,16,6,79.93,1.94,0.8379,45851,4733.0,216996321,92.81,663441,61575593,162041034,54955287,25.33,24624000,20632950
BOM-GOI,2024-11-01,300,293,7,222,42,20,9,75.77,2.33,0.8423,44425,4836.0,214845061,92.54,628093,58124686,152959700,61885361,28.8,23733000,19991250
BOM-GOI,2024-12-01,310,300,10,224,47,22,7,74.67,3.23,0.8918,48156,5528.0,266226907,94.94,659176,62582258,164690153,101536754,38.14,24300000,21670200
BOM-AMD,2024-01-01,248,243,5,179,39,19,6,73.66,2.02,0.8766,38343,4982.0,191012896,94.95,541597,51425246,135329595,55683301,29.15,23182200,20321790
BOM-AMD,2024-02-01,232,226,6,177,28,16,5,78.32,2.59,0.831,33803,4585.0,154980404,92.98,489944,45552769,119875708,35104696,22.65,21560400,17915590
BOM-AMD,2024-03-01,248,244,4,184,38,18,4,75.41,1.61,0.841,36938,4440.0,164022443,90.54,529477,47940753,126159876,37862567,23.08,23277600,19577140
BOM-AMD,2024-04-01,240,235,5,173,35,19,8,73.62,2.08,0.8213,34739,4346.0,150992849,91.33,504805,46105244,121329589,29663260,19.65,22419000,18411670
BOM-AMD,2024-05-01,248,243,5,177,43,19,4,72.84,2.02,0.8527,37297,4552.0,169791233,91.19,538871,49140354,129316721,40474512,23.84,23182200,19767410
BOM-AMD,2024-06-01,240,230,10,151,50,25,4,65.65,4.17,0.7916,32771,4086.0,133900924,88.97,503299,44778351,117837766,16063158,12.0,21942000,17368630
BOM-AMD,2024-07-01,248,237,11,144,58,25,10,60.76,4.44,0.7865,33550,4013.0,134638828,88.8,508747,45175815,118883724,15755104,11.7,22609800,17781500
BOM-AMD,2024-08-01,248,238,10,160,47,21,10,67.23,4.03,0.7876,33741,3914.0,132070488,88.53,510899,45230419,119027418,13043070,9.88,22705200,17882730
BOM-AMD,2024-09-01,240,232,8,162,43,21,6,69.83,3.33,0.8033,33546,4217.0,141451093,89.3,510301,45572001,119926318,21524775,15.22,22132800,17779380
BOM-AMD,2024-10-01,248,244,4,196,28,15,5,80.33,1.61,0.8468,37193,4419.0,164344629,94.1,523254,49239623,129577955,34766674,21.15,23277600,19712290
BOM-AMD,2024-11-01,240,236,4,178,33,16,9,75.42,1.67,0.8504,36125,4475.0,161647480,92.98,528557,49147355,129335145,32312335,19.99,22514400,19146250
BOM-AMD,2024-12-01,248,241,7,170,45,21,5,70.54,2.82,0.8561,37137,5106.0,189616427,95.5,535592,51148632,134601663,55014764,29.01,22991400,19682610
BOM-CCU,2024-01-01,248,241,7,185,33,14,9,76.76,2.82,0.8867,38465,8416.0,323704877,94.56,1474672,139446170,366963605,-43258728,-13.36,71577000,63467250
BOM-CCU,2024-02-01,232,227,5,172,31,16,8,75.77,2.16,0.8512,34779,8268.0,287540751,94.19,1397695,131647319,346440313,-58899562,-20.48,67419000,57385350
BOM-CCU,2024-03-01,248,244,4,187,37,18,2,76.64,1.61,0.8646,37971,7773.0,295148990,91.91,1487146,136688606,359706858,-64557868,-21.87,72468000,62652150
BOM-CCU,2024-04-01,240,235,5,173,35,20,7,73.62,2.08,0.8485,35891,7318.0,262649818,93.17,1404956,130893234,344455879,-81806061,-31.15,69795000,59220150
BOM-CCU,2024-05-01,248,242,6,169,41,24,8,69.83,2.42,0.848,36937,8331.0,307713710,90.51,1459462,132090641,347606950,-39893240,-12.96,71874000,60946050
BOM-CCU,2024-06-01,240,230,10,158,46,21,5,68.7,4.17,0.821,33989,7131.0,242383683,89.42,1423057,127251021,334871108,-92487425,-38.16,68310000,56081850
BOM-CCU,2024-07-01,248,236,12,147,56,24,9,62.29,4.84,0.8079,34320,6856.0,235302348,87.2,1444501,125953848,331457495,-96155147,-40.86,70092000,56628000
BOM-CCU,2024-08-01,248,238,10,152,53,27,6,63.87,4.03,0.7997,34259,7181.0,245997492,88.85,1462778,129973988,342036811,-96039319,-39.04,70686000,56527350
BOM-CCU,2024-09-01,240,232,8,158,44,19,11,68.1,3.33,0.8227,34355,7158.0,245904956,90.25,1372875,123902549,326059339,-80154383,-32.6,68904000,56685750
BOM-CCU,2024-10-01,248,243,5,191,34,15,3,78.6,2.02,0.8608,37650,7961.0,299742474,91.22,1435366,130933551,344561976,-44819502,-14.95,72171000,62122500
BOM-CCU,2024-11-01,240,237,3,185,32,16,4,78.06,1.25,0.8674,37005,7949.0,294143182,94.79,1476424,139954041,368300108,-74156926,-25.21,70389000,61058250
BOM-CCU,2024-12-01,248,241,7,175,43,18,5,72.61,2.82,0.8926,38723,9341.0,361728223,94.96,1419758,134817415,354782671,6945552,1.92,71577000,63892950
BLR-MAA,2024-01-01,310,302,8,230,45,22,5,76.16,2.58,0.8714,47369,3463.0,164061415,93.31,496090,46291191,121818924,42242491,25.75,15492600,13500165
BLR-MAA,2024-02-01,290,285,5,221,38,18,8,77.54,1.72,0.8465,43425,3334.0,144792885,93.81,456454,42818728,112680863,32112022,22.18,14620500,12376125
BLR-MAA,2024-03-01,310,304,6,222,45,22,15,73.03,1.94,0.8234,45059,3113.0,140258223,92.11,493029,45414599,119512103,20746120,14.79,15595200,12841815
BLR-MAA,2024-04-01,300,293,7,219,42,22,10,74.74,2.33,0.8344,44004,2942.0,129470931,92.27,483109,44578002,117310532,12160399,9.39,15030900,12541140
BLR-MAA,2024-05-01,310,302,8,213,56,26,7,70.53,2.58,0.8335,45311,3349.0,151751038,88.81,506821,45010343,118448271,33302767,21.95,15492600,12913635
BLR-MAA,2024-06-01,300,289,11,192,60,28,9,66.44,3.67,0.8081,42039,2774.0,116601617,89.11,488345,43516262,114516479,2085138,1.79,14825700,11981115
BLR-MAA,2024-07-01,310,293,17,179,70,37,7,61.09,5.48,0.8056,42488,2718.0,115498333,89.05,483984,43098392,113416821,2081512,1.8,15030900,12109080
BLR-MAA,2024-08-01,310,297,13,187,66,33,11,62.96,4.19,0.7756,41464,2750.0,114039067,88.35,475705,42027464,110598589,3440478,3.02,15236100,11817240
BLR-MAA,2024-09-01,300,291,9,199,54,29,9,68.38,3.0,0.7974,41770,2898.0,121066667,90.83,468580,42560804,112002116,9064551,7.49,14928300,11904450
BLR-MAA,2024-10-01,310,303,7,240,36,16,11,79.21,2.26,0.852,46465,3232.0,150170878,92.19,496409,45766211,120437397,29733481,19.8,15543900,13242525
BLR-MAA,2024-11-01,300,295,5,226,42,22,5,76.61,1.67,0.8555,45425,3175.0,144234446,95.33,500432,47707184,125545221,18689225,12.96,15133500,12946125
BLR-MAA,2024-12-01,310,303,7,225,51,23,4,74.26,2.26,0.8983,48996,3772.0,184802379,95.61,504644,48247130,126966132,57836247,31.3,15543900,13963860
BLR-HYD,2024-01-01,248,242,6,181,39,16,6,74.79,2.42,0.8475,36915,4084.0,150764753,92.93,536008,49809570,131077816,19686937,13.06,21780000,18457500
BLR-HYD,2024-02-01,232,227,5,176,33,15,3,77.53,2.16,0.8503,34744,3988.0,138560935,92.73,509783,47273981,124405213,14155722,10.22,20430000,17372000
BLR-HYD,2024-03-01,248,243,5,188,34,16,5,77.37,2.02,0.8359,36562,3768.0,137748023,92.39,539609,49853344,131193011,6555012,4.76,21870000,18281000
BLR-HYD,2024-04-01,240,235,5,169,43,21,2,71.91,2.08,0.8248,34889,3702.0,129151277,91.88,508113,46684871,122854924,6296353,4.88,21150000,17444500
BLR-HYD,2024-05-01,248,241,7,174,42,20,5,72.2,2.82,0.8529,36998,3925.0,145231115,92.18,532268,49065181,129118897,16112218,11.09,21690000,18499000
BLR-HYD,2024-06-01,240,230,10,151,48,25,6,65.65,4.17,0.7983,33051,3286.0,108597427,88.52,498309,44110592,116080505,-7483078,-6.89,20700000,16525500
BLR-HYD,2024-07-01,248,236,12,143,59,25,9,60.59,4.84,0.81,34410,3375.0,116134728,88.12,509481,44893294,118140247,-2005519,-1.73,21240000,17205000
BLR-HYD,2024-08-01,248,237,11,150,53,22,12,63.29,4.44,0.7706,32873,3506.0,115250646,88.72,517269,45891394,120766826,-5516180,-4.79,21330000,16436500
BLR-HYD,2024-09-01,240,233,7,162,41,23,7,69.53,2.92,0.8307,34841,3643.0,126932218,90.08,515462,46432967,122192018,4740200,3.73,20970000,17420500
BLR-HYD,2024-10-01,248,244,4,184,37,15,8,75.41,1.61,0.8217,36089,3889.0,140365855,93.81,523691,49127488,129282863,11082992,7.9,21960000,18044500
BLR-HYD,2024-11-01,240,236,4,191,28,11,6,80.93,1.67,0.8685,36894,3933.0,145103877,95.2,522424,49737311,130887661,14216216,9.8,21240000,18447000
BLR-HYD,2024-12-01,248,241,7,178,36,20,7,73.86,2.82,0.8702,37748,4216.0,159133089,95.2,524927,49971633,131504297,27628792,17.36,21690000,18874000
DEL-LKO,2024-01-01,248,241,7,187,34,16,4,77.59,2.82,0.8463,36712,4048.0,148595206,94.35,528101,49823727,131115071,17480135,11.76,21690000,18356000
DEL-LKO,2024-02-01,232,227,5,177,30,15,5,77.97,2.16,0.8277,33820,3918.0,132514399,94.68,507959,48095221,126566371,5948028,4.49,20430000,16910000
DEL-LKO,2024-03-01,248,243,5,184,37,17,5,75.72,2.02,0.8526,37293,3593.0,133992196,93.03,530181,49325175,129803092,4189104,3.13,21870000,18646500
DEL-LKO,2024-04-01,240,235,5,168,39,22,6,71.49,2.08,0.8144,34449,3718.0,128069135,91.12,527607,48077786,126520489,1548646,1.21,21150000,17224500
DEL-LKO,2024-05-01,248,241,7,172,41,20,8,71.37,2.82,0.8497,36859,3970.0,146324434,91.52,537501,49190910,129449763,16874671,11.53,21690000,18429500
DEL-LKO,2024-06-01,240,231,9,152,48,21,10,65.8,3.75,0.8092,33646,3545.0,119272707,90.48,495057,44793523,117877692,1395015,1.17,20790000,16823000
DEL-LKO,2024-07-01,248,236,12,146,52,24,14,61.86,4.84,0.7873,33444,3283.0,109796384,88.09,527281,46450236,122237463,-12441079,-11.33,21240000,16722000
DEL-LKO,2024-08-01,248,236,12,150,48,25,13,63.56,4.84,0.7509,31899,3341.0,106564900,88.91,531656,47268066,124389647,-17824747,-16.73,21240000,15949500
DEL-LKO,2024-09-01,240,232,8,164,44,17,7,70.69,3.33,0.7912,33043,3599.0,118930272,89.98,525139,47250305,124342908,-5412636,-4.55,20880000,16521500
DEL-LKO,2024-10-01,248,242,6,184,33,17,8,76.03,2.42,0.8456,36834,3833.0,141184438,92.77,527593,48945587,128804176,12380262,8.77,21780000,18417000
DEL-LKO,2024-11-01,240,236,4,179,36,17,4,75.85,1.67,0.8378,35590,4027.0,143312635,93.65,526141,49272759,129665155,13647480,9.52,21240000,17795000
DEL-LKO,2024-12-01,248,241,7,175,40,17,9,72.61,2.82,0.8671,37616,4253.0,159986670,92.86,544379,50552623,133033218,26953452,16.85,21690000,18808000
DEL-GAU,2024-01-01,186,181,5,140,24,12,5,77.35,2.69,0.8874,28912,8859.0,256117917,96.15,996247,95785160,252066211,4051706,1.58,51802200,45970080
DEL-GAU,2024-02-01,174,170,4,136,19,11,4,80.0,2.3,0.8522,26079,8437.0,220040006,92.56,925475,85662564,225427800,-5387794,-2.45,48654000,41465610
DEL-GAU,2024-03-01,186,182,4,145,21,12,4,79.67,2.15,0.8465,27731,8565.0,237513219,90.55,1017337,92119303,242419218,-4905999,-2.07,52088400,44092290
DEL-GAU,2024-04-01,180,176,4,130,28,13,5,73.86,2.22,0.8436,26725,8283.0,221365277,91.8,961055,88223472,232167032,-10801755,-4.88,50371200,42492750
DEL-GAU,2024-05-01,186,181,5,126,32,17,6,69.61,2.69,0.8925,29077,9138.0,265697214,90.96,989286,89989450,236814342,28882872,10.87,51802200,46232430
DEL-GAU,2024-06-01,180,173,7,115,33,18,7,66.47,3.89,0.8123,25294,7869.0,199028209,90.32,974687,88037598,231677889,-32649680,-16.4,49512600,40217460
DEL-GAU,2024-07-01,186,177,9,109,39,22,7,61.58,4.84,0.7985,25441,7444.0,189390170,88.14,980235,86396814,227360037,-37969867,-20.05,50657400,40451190
DEL-GAU,2024-08-01,186,178,8,118,39,17,4,66.29,4.3,0.7873,25224,7796.0,196649903,88.54,974741,86306147,227121439,-30471536,-15.5,50943600,40106160
DEL-GAU,2024-09-01,180,173,7,128,28,14,3,73.99,3.89,0.8323,25919,7707.0,199766009,90.12,971948,87589492,230498663,-30732654,-15.38,49512600,41211210
DEL-GAU,2024-10-01,186,182,4,146,22,10,4,80.22,2.15,0.8758,28691,8472.0,243078769,92.71,992459,92006453,242122245,956524,0.39,52088400,45618690
DEL-GAU,2024-11-01,180,176,4,135,24,11,6,76.7,2.22,0.8801,27881,8475.0,236299463,94.04,952892,89607474,235809142,490321,0.21,50371200,44330790
DEL-GAU,2024-12-01,186,181,5,130,30,16,5,71.82,2.69,0.9146,29798,9660.0,287835486,96.42,1015895,97949602,257762111,30073375,10.45,51802200,47378820
